{"f1": [0.24999999999999997, 0.16666666666666669, 0.16666666666666669], "dcg_score": [0.7107528598901852, 0.755364344867267, 0.6810057837314692], "c_e": [4.895241138166213, 0.40475540840500707, 0.5542610438963076]}