{"f1": [0.3448275862068966, 0.2222222222222222, 0.16666666666666669, 0.16666666666666669], "dcg_score": [0.7499397795620946, 0.6482084754721655, 0.4689843247683746, 0.40600529933565643], "c_e": [10.420308010009679, 3.074297453526733, 1.09238839167093, 1.3004295367493826]}