{"f1": [0.33333333333333337, 0.16666666666666669, 0.16666666666666669], "c_e": [6.034311007847654, 0.36687036206891244, 0.5172103184268637], "dcg_score": [0.934390154910068, 0.7754628848893332, 0.698721617727882]}