{"f1": [0.3448275862068966, 0.23529411764705882, 0.16666666666666669], "c_e": [10.014979436773453, 2.9458432685277005, 0.979221195884237], "dcg_score": [0.8332301998952423, 0.6810488901722977, 0.5072534945610282]}