{"f1": [0.2857142857142857, 0.18181818181818182, 0.2857142857142857, 0.2857142857142857], "c_e": [7.888838427595864, 2.0109373810154647, 2.1305309885787134, 5.389951530683962], "dcg_score": [0.3938173717408367, 0.24811186252784667, 0.22837379337360697, 0.0]}