{"f1": [0.47619047619047616, 0.2222222222222222, 0.5, 0.25], "c_e": [21.405173103511874, 2.1233993026675195, 7.986111336804065, 2.6765255868287348], "dcg_score": [0.28609744842866675, 0.2295055102772885, 0.15337910360696816, 0.15641756262026074]}