{"f1": [0.33333333333333337, 0.18181818181818182, 0.15384615384615385], "c_e": [7.373232336874475, 0.6899262701807735, 0.512313992086727], "dcg_score": [0.7444961973821258, 0.6198855287920003, 0.7010970200459082]}