{"f1": [0.3846153846153846, 0.23529411764705882, 0.15384615384615385], "c_e": [13.18307742807265, 3.5850349319936567, 1.3042559050569347], "dcg_score": [0.5728984341837459, 0.541736787146409, 0.40492990403215434]}