{"f1": [0.29629629629629634, 0.19999999999999998, 0.19999999999999998, 0.16666666666666669], "c_e": [9.317859454720523, 5.2818635422278835, 1.2925332456814176, 1.3242497569101328], "dcg_score": [0.48051561940976417, 0.2853490093011889, 0.40823357729321164, 0.3993568162675173]}