{"f1": [0.3571428571428571, 0.3, 0.2666666666666667, 0.14285714285714285], "c_e": [17.623005729766174, 8.186161656105636, 4.066770012833509, 1.9262714963590164], "dcg_score": [0.20926990426369207, 0.36448744895820645, 0.3204821749350035, 0.2631082704789658]}