{"f1": [0.11764705882352941], "c_e": [3.2315821069662545], "dcg_score": [0.1064625470908559]}