{"f1": [0.375, 0.4615384615384615], "c_e": [13.168680841606342, 17.18182710351158], "dcg_score": [0.056671140697698186, 0.0]}