{"f1": [0.3636363636363636], "dcg_score": [0.06166769926191784], "c_e": [9.645213373894322]}